<?xml version="1.0"?>
<Locations>
  <Project>
    <vfs_file>H:\Uni\5th Year\Embedded Systems\SoftwareICA\ica-windows (1)\ica-windows\libxrif_windows.gpr</vfs_file>
    <file_marker column=" 1" line=" 1" >
      <vfs_project>H:\Uni\5th Year\Embedded Systems\SoftwareICA\ica-windows (1)\ica-windows\libxrif_windows.gpr</vfs_project>
      <vfs_file>H:\Uni\5th Year\Embedded Systems\SoftwareICA\ica-windows (1)\ica-windows\fixedsrc\hwif.ads</vfs_file>
    </file_marker>
    <file_marker column=" 1" line=" 1" >
      <vfs_project>H:\Uni\5th Year\Embedded Systems\SoftwareICA\ica-windows (1)\ica-windows\libxrif_windows.gpr</vfs_project>
      <vfs_file>H:\Uni\5th Year\Embedded Systems\SoftwareICA\ica-windows (1)\ica-windows\fixedsrc\mmap.ads</vfs_file>
    </file_marker>
    <file_marker column=" 9" line=" 3" >
      <vfs_project>H:\Uni\5th Year\Embedded Systems\SoftwareICA\ica-windows (1)\ica-windows\libxrif_windows.gpr</vfs_project>
      <vfs_file>H:\Uni\5th Year\Embedded Systems\SoftwareICA\ica-windows (1)\ica-windows\fixedsrc\mmap.ads</vfs_file>
    </file_marker>
    <file_marker column=" 14" line=" 7" >
      <vfs_project>H:\Uni\5th Year\Embedded Systems\SoftwareICA\ica-windows (1)\ica-windows\libxrif_windows.gpr</vfs_project>
      <vfs_file>H:\Uni\5th Year\Embedded Systems\SoftwareICA\ica-windows (1)\ica-windows\fixedsrc\mmap.ads</vfs_file>
    </file_marker>
    <file_marker current="true" column=" 13" line=" 5" >
      <vfs_project>H:\Uni\5th Year\Embedded Systems\SoftwareICA\ica-windows (1)\ica-windows\libxrif_windows.gpr</vfs_project>
      <vfs_file>H:\Uni\5th Year\Embedded Systems\SoftwareICA\ica-windows (1)\ica-windows\fixedsrc\mmap.ads</vfs_file>
    </file_marker>
  </Project>
</Locations>
