<?xml version="1.0"?>
<Locations >
  <Project>
    <vfs_file>H:\Uni\5th Year\Embedded Systems\SoftwareICA\ica-windows\controller_windows.gpr</vfs_file>
    <file_marker current="true" column=" 1" line=" 1" >
      <vfs_project>H:\Uni\5th Year\Embedded Systems\SoftwareICA\ica-windows\controller_windows.gpr</vfs_project>
      <vfs_file>H:\Uni\5th Year\Embedded Systems\SoftwareICA\ica-windows\icasrc\controller.adb</vfs_file>
    </file_marker>
  </Project>
  <Project >
    <vfs_file >G:\Uni\5th Year\Embedded Systems\ica-windows (1)\ica-windows\controller_windows.gpr</vfs_file>
    <file_marker column=" 38" line=" 38">
      <vfs_project >G:\Uni\5th Year\Embedded Systems\ica-windows (1)\ica-windows\controller_windows.gpr</vfs_project>
      <vfs_file >G:\Uni\5th Year\Embedded Systems\ica-windows (1)\ica-windows\icasrc\controller.adb</vfs_file>
    </file_marker>
    <file_marker column=" 27" line=" 33">
      <vfs_project >G:\Uni\5th Year\Embedded Systems\ica-windows (1)\ica-windows\controller_windows.gpr</vfs_project>
      <vfs_file >G:\Uni\5th Year\Embedded Systems\ica-windows (1)\ica-windows\icasrc\controller.adb</vfs_file>
    </file_marker>
    <file_marker column=" 23" line=" 33">
      <vfs_project >G:\Uni\5th Year\Embedded Systems\ica-windows (1)\ica-windows\controller_windows.gpr</vfs_project>
      <vfs_file >G:\Uni\5th Year\Embedded Systems\ica-windows (1)\ica-windows\icasrc\controller.adb</vfs_file>
    </file_marker>
    <file_marker column=" 27" line=" 33">
      <vfs_project >G:\Uni\5th Year\Embedded Systems\ica-windows (1)\ica-windows\controller_windows.gpr</vfs_project>
      <vfs_file >G:\Uni\5th Year\Embedded Systems\ica-windows (1)\ica-windows\icasrc\controller.adb</vfs_file>
    </file_marker>
    <file_marker current="true" column=" 6" line=" 2">
      <vfs_project >G:\Uni\5th Year\Embedded Systems\ica-windows (1)\ica-windows\controller_windows.gpr</vfs_project>
      <vfs_file >G:\Uni\5th Year\Embedded Systems\ica-windows (1)\ica-windows\icasrc\controller.adb</vfs_file>
    </file_marker>
  </Project>
</Locations>
